page,image_idx,file,width,height,ext
1,1,page-001-img-01.png,877,1265,png
1,2,page-001-img-02.png,408,312,png
1,3,page-001-img-03.png,512,512,png
1,4,page-001-img-04.png,132,180,png
1,5,page-001-img-05.png,260,803,png
1,6,page-001-img-06.png,1870,170,png
2,1,page-002-img-01.png,600,600,png
2,2,page-002-img-02.png,736,981,png
2,3,page-002-img-03.png,999,1286,png
2,4,page-002-img-04.png,288,615,png
2,5,page-002-img-05.png,1854,253,png
3,1,page-003-img-01.png,888,1201,png
3,2,page-003-img-02.png,165,493,png
3,3,page-003-img-03.png,1810,253,png
4,1,page-004-img-01.png,736,736,png
4,2,page-004-img-02.png,561,768,png
4,3,page-004-img-03.png,1040,1269,png
4,4,page-004-img-04.png,258,266,png
4,5,page-004-img-05.png,1820,253,png
5,1,page-005-img-01.png,2716,250,png
5,2,page-005-img-02.png,1250,1219,png
5,3,page-005-img-03.png,474,474,png
6,1,page-006-img-01.png,736,618,png
6,2,page-006-img-02.png,2700,375,png
6,3,page-006-img-03.png,1325,1294,png
7,1,page-007-img-01.png,1023,1204,png
7,2,page-007-img-02.png,166,180,png
7,3,page-007-img-03.png,1820,253,png
8,1,page-008-img-01.png,1023,1205,png
8,2,page-008-img-02.png,200,200,png
8,3,page-008-img-03.png,1820,253,png
9,1,page-009-img-01.png,1013,1233,png
9,2,page-009-img-02.png,207,207,png
9,3,page-009-img-03.png,1810,253,png
10,1,page-010-img-01.png,2575,250,png
10,2,page-010-img-02.png,1041,1463,png
10,3,page-010-img-03.png,398,600,png
11,1,page-011-img-01.png,377,126,png
11,2,page-011-img-02.png,1320,132,png
11,3,page-011-img-03.png,1023,1204,png
11,4,page-011-img-04.png,705,640,png
11,5,page-011-img-05.png,910,85,png
12,1,page-012-img-01.png,502,660,png
12,2,page-012-img-02.png,732,958,png
12,3,page-012-img-03.png,506,674,png
12,4,page-012-img-04.png,1232,1280,png
12,5,page-012-img-05.png,1820,230,png
13,1,page-013-img-01.png,732,876,png
13,2,page-013-img-02.png,502,602,png
13,3,page-013-img-03.png,450,476,png
13,4,page-013-img-04.png,700,700,png
13,5,page-013-img-05.png,1820,253,png
14,1,page-014-img-01.png,502,630,png
14,2,page-014-img-02.png,513,639,png
14,3,page-014-img-03.png,732,916,png
14,4,page-014-img-04.png,207,207,png
14,5,page-014-img-05.png,1868,253,png
15,1,page-015-img-01.png,512,512,png
15,2,page-015-img-02.png,2700,375,png
15,3,page-015-img-03.png,1325,1484,png
16,1,page-016-img-01.png,762,966,png
16,2,page-016-img-02.png,373,136,png
16,3,page-016-img-03.png,1302,144,png
16,4,page-016-img-04.png,522,664,png
16,5,page-016-img-05.png,532,668,png
16,6,page-016-img-06.png,448,600,png
16,7,page-016-img-07.png,898,95,png
17,1,page-017-img-01.png,460,138,png
17,2,page-017-img-02.png,1350,144,png
17,3,page-017-img-03.png,509,593,png
17,4,page-017-img-04.png,520,536,png
17,5,page-017-img-05.png,742,862,png
17,6,page-017-img-06.png,960,1029,png
17,7,page-017-img-07.png,932,95,png
18,1,page-018-img-01.png,2678,250,png
18,2,page-018-img-02.png,981,1553,png
18,3,page-018-img-03.png,700,700,png
19,1,page-019-img-01.png,735,1038,png
19,2,page-019-img-02.png,2597,250,png
19,3,page-019-img-03.png,714,814,png
19,4,page-019-img-04.png,502,565,png
20,1,page-020-img-01.png,732,876,png
20,2,page-020-img-02.png,502,602,png
20,3,page-020-img-03.png,444,316,png
20,4,page-020-img-04.png,454,600,png
20,5,page-020-img-05.png,1820,253,png
21,1,page-021-img-01.png,512,512,png
21,2,page-021-img-02.png,736,1308,png
22,1,page-022-img-01.png,2700,375,png
22,2,page-022-img-02.png,1325,1484,png
22,3,page-022-img-03.png,679,960,png
23,1,page-023-img-01.png,2700,375,png
23,2,page-023-img-02.png,1325,1484,png
23,3,page-023-img-03.png,735,1040,png
24,1,page-024-img-01.png,736,736,png
24,2,page-024-img-02.png,2700,375,png
25,1,page-025-img-01.png,2700,375,png
25,2,page-025-img-02.png,736,736,png
25,3,page-025-img-03.png,1549,2324,png
26,1,page-026-img-01.png,732,876,png
26,2,page-026-img-02.png,502,602,png
26,3,page-026-img-03.png,455,543,png
26,4,page-026-img-04.png,736,1104,png
26,5,page-026-img-05.png,1820,253,png
27,1,page-027-img-01.png,2700,375,png
27,2,page-027-img-02.png,1325,1484,png
27,3,page-027-img-03.png,678,888,png
28,1,page-028-img-01.png,1820,242,png
28,2,page-028-img-02.png,502,670,png
28,3,page-028-img-03.png,497,656,png
28,4,page-028-img-04.png,552,600,png
28,5,page-028-img-05.png,732,976,png
29,1,page-029-img-01.png,2700,375,png
29,2,page-029-img-02.png,1325,1484,png
29,3,page-029-img-03.png,488,450,png
30,1,page-030-img-01.png,1344,1609,png
30,2,page-030-img-02.png,2691,250,png
30,3,page-030-img-03.png,440,376,png
30,4,page-030-img-04.png,1000,1000,png
30,5,page-030-img-05.png,444,532,png
31,1,page-031-img-01.png,2741,2034,png
31,2,page-031-img-02.png,512,512,png
32,1,page-032-img-01.png,399,126,png
32,2,page-032-img-02.png,1320,132,png
32,3,page-032-img-03.png,412,602,png
32,4,page-032-img-04.png,426,409,png
32,5,page-032-img-05.png,602,874,png
32,6,page-032-img-06.png,414,600,png
32,7,page-032-img-07.png,910,85,png
33,1,page-033-img-01.png,2700,375,png
33,2,page-033-img-02.png,1500,1684,png
33,3,page-033-img-03.png,220,220,png
34,1,page-034-img-01.png,1425,900,png
35,1,page-035-img-01.png,2700,375,png
35,2,page-035-img-02.png,1325,1484,png
35,3,page-035-img-03.png,900,900,png
36,1,page-036-img-01.png,2766,300,png
36,2,page-036-img-02.png,1228,1594,png
36,3,page-036-img-03.png,375,190,png
37,1,page-037-img-01.png,2700,375,png
37,2,page-037-img-02.png,1325,1484,png
37,3,page-037-img-03.png,280,206,png
38,1,page-038-img-01.png,2597,250,png
38,2,page-038-img-02.png,346,283,png
38,3,page-038-img-03.png,488,688,png
38,4,page-038-img-04.png,270,270,png
38,5,page-038-img-05.png,333,471,png
39,1,page-039-img-01.png,1024,999,png
39,2,page-039-img-02.png,620,709,png
39,3,page-039-img-03.png,1820,253,png
40,1,page-040-img-01.png,1041,1775,png
40,2,page-040-img-02.png,1000,1000,png
40,3,page-040-img-03.png,1820,254,png
41,1,page-041-img-01.png,2700,375,png
41,2,page-041-img-02.png,1325,1484,png
41,3,page-041-img-03.png,266,400,png
42,1,page-042-img-01.png,2700,375,png
42,2,page-042-img-02.png,1388,1463,png
42,3,page-042-img-03.png,800,800,png
42,4,page-042-img-04.png,864,904,png
43,1,page-043-img-01.png,736,736,png
43,2,page-043-img-02.png,2700,375,png
43,3,page-043-img-03.png,1216,1341,png
43,4,page-043-img-04.png,735,490,png
44,1,page-044-img-01.png,736,920,png
44,2,page-044-img-02.png,2700,375,png
44,3,page-044-img-03.png,1216,1341,png
44,4,page-044-img-04.png,512,512,png
45,1,page-045-img-01.png,2700,375,png
45,2,page-045-img-02.png,1216,1341,png
45,3,page-045-img-03.png,720,720,png
46,1,page-046-img-01.png,2700,375,png
46,2,page-046-img-02.png,1325,1484,png
46,3,page-046-img-03.png,843,843,png
47,1,page-047-img-01.png,2700,375,png
47,2,page-047-img-02.png,1325,1484,png
47,3,page-047-img-03.png,1000,1105,png
48,1,page-048-img-01.png,2700,375,png
48,2,page-048-img-02.png,619,256,png
48,3,page-048-img-03.png,1001,1001,png
49,1,page-049-img-01.png,640,640,png
50,1,page-050-img-01.png,2700,375,png
50,2,page-050-img-02.png,735,616,png
50,3,page-050-img-03.png,1060,1060,png
51,1,page-051-img-01.png,2700,375,png
51,2,page-051-img-02.png,736,736,png
51,3,page-051-img-03.png,640,853,png
52,1,page-052-img-01.png,2700,375,png
52,2,page-052-img-02.png,439,500,png
52,3,page-052-img-03.png,1024,1024,png
53,1,page-053-img-01.png,989,989,png
54,1,page-054-img-01.png,2700,375,png
54,2,page-054-img-02.png,816,1080,png
54,3,page-054-img-03.png,1080,1350,png
55,1,page-055-img-01.png,736,736,png
55,2,page-055-img-02.png,2700,375,png
55,3,page-055-img-03.png,735,490,png
56,1,page-056-img-01.png,2700,375,png
56,2,page-056-img-02.png,512,512,png
57,1,page-057-img-01.png,2700,375,png
57,2,page-057-img-02.png,736,920,png
57,3,page-057-img-03.png,554,554,png
58,1,page-058-img-01.png,2700,375,png
58,2,page-058-img-02.png,735,735,png
59,1,page-059-img-01.png,512,512,png
59,2,page-059-img-02.png,2700,375,png
59,3,page-059-img-03.png,736,736,png
60,1,page-060-img-01.png,2700,375,png
60,2,page-060-img-02.png,1080,1080,png
61,1,page-061-img-01.png,2700,375,png
61,2,page-061-img-02.png,736,736,png
62,1,page-062-img-01.png,2700,375,png
62,2,page-062-img-02.png,512,512,png
63,1,page-063-img-01.png,2700,375,png
63,2,page-063-img-02.png,512,512,png
64,1,page-064-img-01.png,2700,375,png
64,2,page-064-img-02.png,1228,1497,png
64,3,page-064-img-03.png,800,800,png
64,4,page-064-img-04.png,418,501,png
65,1,page-065-img-01.png,394,505,png
65,2,page-065-img-02.png,353,449,png
65,3,page-065-img-03.png,576,736,png
65,4,page-065-img-04.png,360,497,png
65,5,page-065-img-05.png,165,412,png
65,6,page-065-img-06.png,1820,253,png
66,1,page-066-img-01.png,2741,2097,png
66,2,page-066-img-02.png,600,600,png
67,1,page-067-img-01.png,2700,375,png
67,2,page-067-img-02.png,1325,1484,png
67,3,page-067-img-03.png,800,800,png
68,1,page-068-img-01.png,736,1308,png
68,2,page-068-img-02.png,2453,341,png
68,3,page-068-img-03.png,1325,1484,png
68,4,page-068-img-04.png,368,496,png
69,1,page-069-img-01.png,1325,1484,png
69,2,page-069-img-02.png,368,496,png
69,3,page-069-img-03.png,736,1043,png
70,1,page-070-img-01.png,368,496,png
70,2,page-070-img-02.png,4140,2414,png
70,3,page-070-img-03.png,600,600,png
71,1,page-071-img-01.png,2700,375,png
71,2,page-071-img-02.png,1325,1484,png
71,3,page-071-img-03.png,700,700,png
72,1,page-072-img-01.png,2700,375,png
72,2,page-072-img-02.png,1325,1484,png
72,3,page-072-img-03.png,1000,1000,png
73,1,page-073-img-01.png,414,414,png
73,2,page-073-img-02.png,2700,375,png
73,3,page-073-img-03.png,735,737,png
74,1,page-074-img-01.png,2069,284,png
74,2,page-074-img-02.png,736,920,png
75,1,page-075-img-01.png,2700,375,png
75,2,page-075-img-02.png,736,736,png
76,1,page-076-img-01.png,2700,375,png
76,2,page-076-img-02.png,700,657,png
77,1,page-077-img-01.png,2700,375,png
77,2,page-077-img-02.png,256,256,png
78,1,page-078-img-01.png,2700,375,png
78,2,page-078-img-02.png,736,736,png
79,1,page-079-img-01.png,736,736,png
79,2,page-079-img-02.png,2700,375,png
79,3,page-079-img-03.png,736,736,png
80,1,page-080-img-01.png,680,851,png
80,2,page-080-img-02.png,736,1104,png
80,3,page-080-img-03.png,940,788,png
81,1,page-081-img-01.png,736,736,png
81,2,page-081-img-02.png,940,788,png
82,1,page-082-img-01.png,1916,1152,png